factor,mean,.lower,.upper,.width,.point,.interval
Functional Group,0.818697478192299,0.06264802568282728,2.33743251050903,0.95,mean,qi
Stream,0.5472492602425397,0.029359818704584487,1.3434833194987192,0.95,mean,qi
Family,0.3934743580240531,0.01906295543139438,0.9932784182178352,0.95,mean,qi
Genus,0.3048978375162893,0.012295576331542856,0.8453374187689011,0.95,mean,qi
